Position,Query_Base,Subject_Base
1147,G,A
1521,T,C
1539,T,Y
1005,C,T
1147,G,A
1521,T,C
163,G,C
164,C,G
316,G,T
426,-,C
429,C,-
617,C,T
618,T,C
623,T,C
624,C,T
757,G,A
758,A,G
1007,C,A
1521,T,C
1611,A,G
1612,A,G
1614,C,T
163,G,C
164,C,G
316,G,T
426,-,C
429,C,-
617,C,T
618,T,C
623,T,C
624,C,T
757,G,A
758,A,G
871,G,A
1007,C,A
1521,T,C
1611,A,G
1612,A,G
1614,C,T
163,G,C
164,C,G
316,G,T
426,-,C
429,C,-
617,C,T
618,T,C
623,T,C
624,C,T
757,G,A
758,A,G
1007,C,A
1364,C,T
1521,T,C
1611,A,G
1612,A,G
1614,C,T
163,G,C
164,C,G
316,G,T
426,-,C
429,C,-
617,C,T
618,T,C
623,T,C
624,C,T
715,C,T
757,G,A
758,A,G
871,G,A
1007,C,A
1521,T,C
1611,A,G
1612,A,G
1614,C,T
163,G,C
164,C,G
316,G,T
357,C,G
426,-,C
429,C,-
617,C,T
618,T,C
623,T,C
624,C,T
757,G,A
758,A,G
871,G,A
1007,C,A
1088,C,-
1521,T,C
1611,A,G
1612,A,G
1614,C,T
316,G,T
340,C,-
341,A,-
342,C,-
426,-,C
429,C,-
432,C,-
440,-,G
617,C,T
618,T,C
648,C,T
649,T,C
757,G,A
758,A,G
1007,C,A
1521,T,C
1611,A,G
1612,A,G
1614,C,T
1632,-,T
394,A,G
485,C,A
490,T,A
573,A,G
636,G,A
731,T,A
792,C,T
804,C,T
806,A,G
807,G,A
825,C,T
828,T,A
840,C,T
846,T,A
853,G,A
914,A,C
915,C,A
918,T,G
933,C,T
1371,G,C
1372,A,G
163,G,C
164,C,G
316,G,T
426,-,C
429,C,-
617,C,T
618,T,C
623,T,C
624,C,T
757,G,A
758,A,G
871,G,A
886,T,-
887,C,-
888,T,-
889,T,-
890,T,-
891,C,-
1007,C,A
1521,T,C
1611,A,G
1612,A,G
1614,C,T
